s,4676,4729,4745,4776,4780,4787,4794,4808,4814,4821,4827,4954,4983,5127,5132,5137,5142,5152,5154,5220
23,1,-1,1,0,1,-1,1,1,1,1,1,1,1,-1,1,1,-1,0,1,1
173,0,1,-1,-1,1,-1,0,0,0,1,1,1,1,-1,-1,-1,-1,1,-1,-1
174,-1,1,-1,1,1,-1,1,-1,-1,1,1,1,1,-1,-1,-1,-1,1,-1,-1
176,-1,1,1,0,0,-1,-1,-1,0,1,1,1,1,-1,-1,-1,-1,1,1,0
178,0,1,0,1,1,-1,1,1,1,1,1,1,1,0,0,0,0,0,0,0
180,1,-1,-1,1,1,1,1,1,1,1,1,1,1,0,1,0,0,0,0,0
182,-1,1,-1,1,1,-1,0,0,0,-1,1,1,1,-1,-1,-1,-1,1,1,-1
184,1,1,1,1,1,1,1,-1,0,1,1,1,1,0,0,0,1,0,0,0
185,-1,1,1,1,1,1,1,-1,0,1,1,1,1,0,0,0,0,0,0,0
186,1,1,1,1,-1,1,1,0,0,0,1,1,1,0,0,0,0,0,0,0
187,1,0,1,1,1,0,1,1,1,1,1,1,1,0,1,1,1,0,0,0
189,1,1,1,-1,1,-1,0,0,1,1,1,1,1,0,0,0,0,0,0,0
190,1,1,1,-1,1,1,1,-1,-1,1,1,1,1,-1,-1,-1,-1,0,0,1
193,1,1,1,-1,1,-1,1,-1,1,1,1,1,1,0,0,0,0,0,0,0
196,-1,1,-1,1,1,-1,0,0,0,0,1,1,1,-1,-1,-1,-1,1,0,-1
197,1,1,1,1,1,1,1,-1,-1,-1,1,0,0,0,0,0,0,0,0,0
198,1,1,1,1,1,-1,1,-1,1,1,1,1,0,0,0,0,0,0,0,0
200,1,1,1,1,1,1,1,-1,-1,-1,1,1,1,-1,-1,-1,-1,1,1,-1
201,1,1,1,1,1,-1,1,1,1,1,1,1,0,0,0,0,0,1,0,1
202,1,1,1,0,1,-1,1,1,1,1,1,1,0,0,0,0,0,0,0,0
203,1,1,1,1,1,0,1,1,1,1,1,1,1,0,0,0,0,0,0,0
204,1,1,1,1,1,-1,1,1,1,-1,1,1,0,0,0,0,0,1,1,-1
212,1,-1,1,1,1,0,1,1,1,1,1,1,1,0,0,0,0,0,0,-1
217,1,-1,1,0,0,-1,-1,1,1,1,1,1,1,-1,-1,-1,-1,1,1,-1
222,1,1,1,1,1,1,1,0,1,1,1,-1,1,-1,1,-1,0,1,1,-1
224,1,-1,1,1,1,-1,0,1,1,1,1,1,1,-1,0,-1,-1,-1,0,0
227,-1,1,1,1,1,1,1,-1,-1,-1,1,1,0,-1,-1,-1,-1,1,1,-1
228,1,1,1,1,0,-1,1,-1,0,0,1,1,1,-1,-1,-1,-1,1,1,1
230,1,-1,1,1,1,-1,1,1,1,1,1,1,1,-1,-1,-1,-1,1,1,-1
231,1,-1,1,0,0,-1,-1,1,1,1,1,1,1,-1,-1,-1,-1,1,1,-1
239,0,-1,1,1,1,0,1,0,1,1,0,0,0,0,1,0,0,0,0,-1
240,1,1,1,1,1,1,1,1,1,1,1,1,1,0,0,0,0,0,1,0
245,-1,1,-1,1,1,-1,1,-1,1,1,1,1,1,0,0,0,1,0,0,0
249,0,1,1,1,1,1,1,1,0,1,0,1,1,0,0,0,0,0,0,0
250,1,1,0,-1,1,1,1,-1,1,1,1,1,1,0,0,0,0,0,0,0
255,-1,1,-1,1,1,-1,1,1,1,1,1,1,1,0,0,0,0,0,0,0
256,1,1,1,1,1,0,0,0,1,1,1,1,0,-1,-1,0,0,1,1,0
257,1,-1,1,0,1,-1,1,1,1,1,1,0,1,-1,1,0,-1,1,1,-1
263,1,1,1,1,1,-1,-1,-1,-1,1,1,1,-1,-1,-1,-1,-1,1,1,-1
284,-1,1,-1,1,1,-1,1,-1,1,1,1,1,1,-1,-1,-1,-1,-1,1,-1
294,1,1,-1,1,1,-1,-1,-1,-1,1,1,-1,-1,-1,-1,-1,-1,-1,-1,-1
299,1,0,1,1,0,0,0,1,1,1,1,1,1,0,1,0,0,0,1,0
308,1,-1,1,1,1,-1,-1,-1,1,1,1,1,1,0,0,0,0,1,1,-1
310,1,-1,1,1,1,-1,1,0,1,1,1,1,1,0,1,1,-1,0,0,1
325,1,0,1,1,1,0,1,0,1,1,1,1,1,0,-1,-1,-1,0,0,-1
337,1,-1,1,0,1,-1,1,1,1,0,1,-1,-1,0,0,0,0,0,0,0
338,1,-1,1,1,1,0,1,0,-1,1,1,0,0,-1,0,0,0,0,1,-1
348,1,0,1,0,1,0,1,1,1,0,0,0,1,0,1,1,0,1,1,-1
354,1,1,1,1,1,-1,1,-1,1,0,1,1,1,-1,-1,-1,-1,1,1,-1
355,0,1,-1,1,1,-1,0,0,0,1,1,1,1,-1,-1,-1,-1,1,0,0
358,1,1,1,1,1,1,1,0,1,1,1,1,1,-1,-1,-1,-1,1,1,-1
361,1,-1,1,0,1,-1,0,0,1,1,1,1,1,0,0,0,0,0,0,-1
364,-1,1,1,1,1,1,1,0,0,1,1,-1,-1,-1,-1,-1,-1,0,1,-1
374,1,1,0,1,1,1,0,0,0,0,1,1,-1,-1,0,0,0,1,1,-1
378,-1,-1,-1,-1,-1,-1,-1,-1,-1,-1,-1,-1,-1,-1,-1,-1,-1,-1,-1,-1
381,-1,1,1,1,1,1,1,-1,-1,-1,1,1,1,-1,-1,-1,-1,1,-1,1
383,-1,1,1,1,1,1,-1,-1,-1,-1,1,1,-1,-1,-1,-1,-1,1,1,-1
386,1,-1,1,1,1,-1,0,-1,0,0,0,0,0,0,-1,-1,-1,0,0,-1
387,-1,1,0,1,1,-1,1,-1,-1,1,1,1,1,-1,-1,-1,-1,1,1,-1
389,1,0,-1,1,1,-1,1,-1,1,1,1,1,0,-1,-1,-1,-1,1,1,-1
390,1,1,1,1,1,1,1,-1,-1,-1,1,1,1,-1,-1,-1,-1,1,1,-1
392,-1,1,1,1,1,1,1,-1,-1,-1,1,1,1,-1,-1,-1,-1,1,-1,1
395,-1,1,1,1,1,1,1,-1,1,1,1,1,1,-1,-1,-1,-1,-1,-1,1
400,-1,1,1,1,1,-1,1,1,1,1,1,1,1,-1,-1,-1,-1,-1,1,-1
406,1,1,-1,1,0,-1,0,-1,0,1,1,1,1,0,0,0,0,0,0,1
415,1,1,1,1,1,1,1,-1,-1,-1,1,1,1,-1,-1,-1,-1,1,1,-1
416,1,1,-1,1,1,-1,-1,-1,-1,1,1,1,1,-1,-1,-1,-1,1,1,-1
419,1,1,1,1,1,1,1,-1,-1,-1,1,1,1,-1,-1,-1,-1,-1,-1,-1
420,-1,1,1,1,1,1,1,-1,-1,-1,1,1,1,-1,-1,-1,-1,1,1,-1
422,1,-1,1,-1,1,-1,-1,-1,1,0,1,1,1,-1,-1,-1,-1,1,1,-1
423,1,0,1,1,1,-1,1,1,1,1,1,1,0,0,0,0,0,0,0,-1
424,1,1,1,1,1,-1,1,1,0,1,1,1,1,-1,-1,-1,-1,1,1,1
439,1,1,-1,1,1,1,-1,-1,-1,0,1,1,1,-1,-1,-1,-1,1,-1,-1
440,1,1,1,1,1,1,1,-1,-1,-1,1,1,1,-1,-1,-1,-1,1,1,-1
441,-1,1,1,1,1,1,1,0,0,0,1,1,1,-1,-1,-1,-1,1,1,-1
442,-1,1,1,1,1,-1,1,-1,-1,1,1,1,1,-1,-1,-1,-1,1,1,-1
443,0,0,1,1,1,1,0,0,0,1,1,1,1,0,0,0,0,-1,-1,0
444,0,0,1,1,1,-1,1,0,-1,1,1,1,1,0,0,0,0,1,1,0
455,1,1,1,1,1,1,1,0,-1,1,1,1,1,-1,-1,0,0,-1,-1,1
456,0,1,-1,1,1,-1,1,-1,0,0,1,1,1,-1,-1,-1,-1,1,1,-1
457,0,0,1,1,1,-1,1,0,1,1,1,1,1,0,0,0,0,1,1,0
458,0,0,1,1,1,0,1,0,0,1,1,1,1,0,0,0,0,1,1,0
468,0,0,1,1,1,1,1,0,1,1,1,1,1,0,0,0,0,0,0,0
469,-1,1,1,1,1,1,1,-1,-1,1,-1,-1,-1,-1,-1,-1,-1,1,1,-1
470,1,-1,1,1,1,-1,1,-1,1,1,1,1,1,-1,-1,0,-1,0,1,1
471,0,0,1,1,1,0,1,0,1,1,1,1,1,0,0,0,0,1,1,0
472,-1,1,1,1,1,1,1,-1,1,-1,1,1,-1,-1,-1,-1,-1,1,1,-1
476,1,1,1,1,1,-1,1,-1,1,1,1,1,1,-1,-1,-1,-1,1,1,1
477,-1,1,-1,1,1,-1,-1,-1,0,0,1,-1,1,-1,-1,-1,-1,-1,0,-1
478,1,1,1,1,1,1,1,-1,-1,1,1,1,1,-1,-1,-1,-1,-1,-1,-1
479,1,-1,1,1,1,-1,0,0,1,1,1,1,1,0,0,-1,-1,0,1,1
483,-1,1,1,1,1,-1,1,-1,-1,1,1,1,1,-1,-1,-1,-1,1,1,-1
484,-1,1,-1,1,1,-1,1,-1,-1,1,1,1,1,-1,-1,-1,-1,1,-1,-1
485,-1,-1,-1,1,1,1,-1,-1,1,0,1,1,-1,-1,-1,-1,-1,1,1,-1
486,-1,1,1,1,1,-1,1,-1,-1,1,1,1,-1,-1,-1,-1,-1,-1,1,-1
490,1,1,-1,1,1,-1,1,-1,-1,1,1,-1,1,-1,-1,-1,-1,1,1,-1
491,1,1,0,1,1,-1,-1,-1,-1,1,0,-1,-1,-1,-1,-1,-1,-1,1,-1
492,1,-1,-1,1,1,-1,1,0,1,1,1,1,1,-1,-1,-1,-1,1,1,-1
493,-1,1,1,1,1,1,1,-1,0,0,1,1,1,-1,-1,-1,-1,1,0,-1
520,1,1,1,1,1,1,1,1,1,-1,1,1,1,-1,-1,-1,-1,1,1,1
525,-1,1,1,1,1,-1,1,-1,-1,1,1,1,-1,-1,-1,-1,-1,-1,1,-1
526,-1,1,1,1,1,-1,-1,-1,-1,1,1,1,1,-1,-1,-1,-1,1,1,1
534,1,-1,1,1,1,-1,1,1,1,1,1,1,1,-1,-1,-1,-1,1,1,1
535,1,1,1,1,1,1,1,0,-1,0,1,0,0,-1,-1,-1,1,0,-1,-1
562,1,1,-1,1,1,1,1,-1,-1,1,1,1,1,-1,-1,-1,-1,1,1,1
563,-1,1,-1,1,1,1,1,-1,-1,-1,1,1,1,-1,-1,-1,-1,1,1,-1
564,-1,1,1,1,1,-1,-1,-1,-1,1,1,1,1,-1,-1,-1,-1,1,1,1
565,0,1,1,1,1,0,1,0,0,1,1,1,1,0,0,0,0,1,0,0
570,-1,1,-1,1,1,1,-1,-1,-1,-1,1,1,-1,-1,-1,-1,-1,-1,-1,-1
571,0,0,-1,1,1,0,1,0,0,1,1,1,1,0,0,0,0,1,0,-1
572,-1,0,-1,1,1,1,1,0,1,1,1,1,1,0,0,0,0,0,1,0
574,-1,0,0,1,1,0,1,0,-1,1,1,1,1,0,0,0,0,0,1,-1
576,-1,-1,-1,1,1,1,1,0,0,1,1,1,1,0,-1,-1,-1,1,1,-1
577,1,0,-1,1,1,-1,1,1,0,1,1,1,1,0,-1,-1,0,0,0,-1
578,-1,0,-1,1,1,-1,1,1,1,1,1,1,1,0,-1,-1,-1,0,0,0
580,1,1,-1,1,1,1,1,-1,-1,1,1,-1,1,-1,-1,-1,-1,1,1,-1
581,-1,-1,-1,1,1,0,1,-1,0,1,1,1,1,-1,-1,-1,-1,1,0,0
582,1,1,1,1,1,1,1,0,0,-1,1,-1,1,0,-1,-1,0,-1,-1,-1
586,-1,-1,1,1,1,1,1,1,0,-1,1,1,1,-1,-1,-1,-1,-1,-1,-1
588,-1,0,-1,1,1,0,1,1,1,1,1,1,1,0,0,0,0,0,1,0
589,-1,-1,-1,1,1,1,1,-1,1,1,1,-1,1,0,0,0,0,0,0,-1
590,1,1,1,1,0,1,0,-1,0,1,0,1,1,-1,-1,-1,-1,1,1,-1
591,-1,-1,-1,1,0,0,1,-1,-1,1,1,0,0,0,0,0,0,-1,-1,-1
592,0,1,1,1,1,1,1,-1,1,1,1,1,1,-1,-1,-1,-1,1,-1,-1
594,0,1,-1,1,1,0,1,0,0,1,1,0,1,0,0,0,-1,0,0,-1
595,0,0,-1,1,1,0,1,0,1,1,1,0,1,0,-1,-1,-1,0,0,-1
597,-1,1,1,1,1,-1,-1,1,1,0,1,1,-1,-1,-1,-1,-1,1,1,-1
599,1,1,1,1,1,1,1,-1,0,1,1,-1,1,0,-1,-1,-1,0,1,-1
600,1,1,1,1,1,0,1,0,0,1,1,1,1,0,0,0,0,0,0,1
602,1,0,-1,1,1,-1,1,-1,-1,1,1,1,1,-1,-1,-1,-1,-1,0,0
604,1,-1,-1,1,1,1,1,-1,-1,1,1,-1,0,0,0,0,0,0,1,0
605,-1,1,1,1,1,1,1,-1,1,1,1,-1,0,0,-1,-1,-1,0,1,-1
607,-1,-1,-1,1,1,-1,-1,-1,0,1,1,1,1,-1,-1,-1,-1,-1,1,-1
608,-1,1,1,0,0,0,1,0,-1,1,1,1,0,0,-1,-1,-1,0,0,-1
609,1,-1,-1,1,1,-1,0,-1,-1,1,1,1,1,0,-1,-1,-1,0,1,-1
610,-1,1,-1,0,1,-1,1,0,0,1,1,0,1,-1,-1,-1,-1,0,0,-1
611,-1,0,-1,0,1,1,1,0,-1,1,1,0,0,0,-1,-1,-1,0,0,0
612,1,0,-1,1,1,0,1,0,1,0,1,0,0,0,-1,-1,-1,-1,1,-1
613,1,0,-1,1,1,-1,1,1,1,1,1,1,1,-1,1,-1,-1,0,0,-1
614,-1,-1,-1,1,1,-1,1,0,1,1,1,1,1,-1,-1,-1,-1,-1,0,-1
616,1,0,1,1,1,1,1,0,-1,-1,1,0,0,0,-1,-1,-1,0,1,0
618,-1,-1,-1,1,1,1,1,-1,1,1,1,-1,0,-1,-1,-1,-1,0,0,0
619,-1,-1,-1,1,1,1,1,0,1,-1,1,0,0,-1,-1,-1,-1,-1,1,-1
620,-1,-1,-1,1,1,-1,1,-1,1,1,1,0,0,-1,-1,-1,-1,0,0,0
621,-1,0,1,1,1,-1,1,0,1,1,1,1,1,-1,-1,-1,-1,1,0,0
622,0,-1,-1,1,1,-1,1,-1,1,1,1,0,0,0,-1,-1,-1,0,-1,0
623,-1,1,1,1,1,0,1,-1,-1,-1,1,1,1,-1,-1,-1,-1,0,0,-1
624,1,1,-1,1,1,-1,1,-1,-1,1,1,1,1,-1,-1,-1,-1,1,1,1
625,-1,-1,-1,1,1,-1,1,-1,1,-1,1,1,1,0,-1,-1,-1,0,0,0
626,-1,-1,0,1,1,-1,1,0,1,1,1,1,1,-1,-1,-1,-1,0,-1,-1
627,1,-1,1,1,1,-1,1,-1,-1,1,1,-1,1,-1,-1,-1,-1,0,1,-1
629,-1,1,1,1,1,1,1,1,-1,1,1,1,1,-1,-1,-1,-1,1,1,-1
630,0,-1,-1,1,1,1,1,-1,-1,1,1,-1,1,-1,-1,-1,-1,0,1,0
631,1,-1,1,1,1,-1,1,-1,1,1,1,-1,0,0,-1,-1,-1,0,1,-1
632,1,1,1,1,1,-1,1,-1,1,1,1,1,1,-1,-1,-1,-1,1,1,-1
633,-1,1,-1,1,1,1,1,-1,-1,0,1,1,1,-1,-1,-1,-1,-1,-1,-1
635,1,-1,-1,1,1,-1,1,1,0,1,1,1,1,-1,-1,-1,-1,-1,-1,-1
636,1,1,1,1,1,1,1,-1,-1,-1,1,0,0,-1,-1,-1,-1,1,1,-1
637,-1,-1,-1,1,1,-1,1,-1,-1,1,1,1,1,-1,-1,-1,-1,0,-1,-1
638,1,-1,-1,1,1,-1,1,-1,1,-1,1,-1,0,-1,-1,-1,-1,0,0,0
639,1,1,1,-1,1,1,1,-1,1,0,1,1,1,-1,-1,-1,1,1,1,1
645,-1,1,1,-1,1,-1,1,-1,-1,1,1,1,1,-1,-1,-1,-1,1,1,-1
646,-1,1,-1,1,1,1,1,-1,1,1,1,1,1,-1,-1,-1,-1,1,1,1
647,-1,-1,-1,1,1,-1,1,1,1,1,1,0,0,-1,-1,-1,-1,-1,-1,0
648,-1,-1,-1,1,1,1,1,-1,-1,1,1,0,0,0,-1,-1,-1,0,0,0
649,1,1,1,1,1,1,1,-1,-1,-1,1,-1,-1,-1,-1,-1,-1,-1,-1,-1
650,-1,-1,-1,1,0,-1,1,-1,0,1,1,1,1,-1,-1,-1,-1,-1,-1,-1
651,1,-1,-1,1,1,-1,1,-1,1,1,1,0,1,-1,-1,-1,-1,-1,-1,0
652,-1,-1,-1,1,1,1,1,-1,1,1,1,-1,-1,-1,-1,-1,-1,0,-1,0
654,1,1,1,1,1,-1,1,-1,-1,1,1,1,1,-1,-1,-1,-1,1,1,-1
655,-1,-1,-1,1,-1,-1,1,-1,1,-1,1,0,1,-1,-1,-1,-1,0,-1,0
657,-1,0,-1,1,1,-1,1,-1,1,1,1,1,1,-1,-1,-1,-1,0,0,0
658,1,-1,-1,1,1,-1,1,-1,1,1,1,-1,1,-1,-1,-1,-1,-1,1,0
660,1,1,-1,1,1,-1,1,-1,1,1,1,1,0,0,-1,-1,-1,-1,1,0
661,1,1,1,1,1,-1,1,-1,-1,1,1,1,1,-1,-1,-1,-1,1,1,-1
662,-1,-1,-1,1,1,-1,1,1,1,1,1,1,1,-1,-1,-1,-1,0,0,0
666,1,-1,0,1,1,-1,1,-1,-1,-1,1,0,1,-1,-1,-1,-1,-1,-1,0
667,1,-1,-1,1,1,1,1,-1,1,1,1,1,1,-1,-1,-1,-1,0,1,0
669,1,-1,-1,1,1,1,1,-1,0,1,1,-1,-1,-1,-1,-1,-1,0,-1,-1
671,1,-1,1,1,1,-1,1,1,1,1,1,1,1,-1,1,-1,-1,0,1,-1
673,1,-1,-1,1,1,-1,1,0,1,1,1,0,0,0,-1,-1,-1,0,1,0
674,1,-1,-1,1,1,-1,1,1,-1,1,1,1,1,-1,-1,-1,-1,0,0,0
675,1,-1,-1,1,1,-1,1,-1,-1,-1,1,1,1,-1,-1,-1,-1,0,-1,0
676,1,1,1,1,1,-1,1,-1,0,1,1,1,1,-1,-1,-1,-1,1,0,-1
677,0,-1,-1,1,1,-1,1,-1,1,1,1,-1,1,-1,-1,-1,-1,0,1,-1
679,1,-1,-1,1,1,1,1,1,-1,-1,1,1,1,-1,-1,-1,-1,-1,1,-1
680,-1,1,1,1,1,1,-1,-1,-1,-1,1,1,1,-1,-1,-1,-1,-1,-1,-1
681,1,0,1,1,1,-1,1,1,1,0,1,1,1,-1,-1,-1,-1,1,1,1
682,1,-1,0,1,1,1,1,1,1,1,1,1,1,-1,-1,-1,-1,-1,1,-1
684,1,-1,-1,1,1,1,1,-1,1,1,1,1,1,-1,1,-1,-1,-1,1,0
685,1,-1,-1,1,1,0,1,-1,1,1,1,1,1,-1,-1,-1,-1,-1,1,-1
686,1,-1,1,1,1,1,1,-1,1,1,1,1,1,-1,-1,-1,-1,0,0,-1
688,-1,1,-1,1,1,-1,1,0,-1,1,1,1,-1,-1,-1,-1,-1,1,1,-1
689,1,-1,-1,1,1,0,1,-1,-1,1,1,-1,0,-1,-1,-1,-1,0,0,-1
690,-1,1,1,1,1,-1,1,-1,1,1,1,1,-1,-1,-1,-1,-1,1,1,-1
691,1,1,0,1,1,-1,1,-1,-1,1,1,0,1,-1,-1,-1,-1,0,0,0
694,1,-1,0,1,0,1,1,1,1,1,1,0,0,-1,1,-1,-1,0,0,-1
710,1,-1,-1,1,1,-1,1,-1,1,1,1,0,-1,-1,-1,-1,-1,0,1,0
711,1,-1,1,1,1,-1,1,-1,-1,1,1,1,0,-1,-1,-1,-1,0,0,-1
712,1,-1,1,1,1,-1,1,-1,1,1,1,1,1,-1,-1,-1,-1,0,0,0
713,1,-1,-1,1,1,1,1,-1,1,1,1,-1,-1,-1,-1,-1,-1,0,0,0
714,1,1,1,1,1,1,1,-1,-1,-1,1,1,1,-1,-1,-1,-1,1,1,1
717,1,-1,-1,1,1,1,1,0,0,1,1,1,1,-1,-1,-1,-1,0,0,0
719,1,1,1,1,1,1,1,0,-1,-1,1,-1,-1,-1,-1,-1,-1,-1,-1,-1
721,1,-1,-1,1,1,-1,1,-1,1,1,1,1,1,-1,-1,-1,-1,-1,-1,0
722,1,-1,-1,1,1,-1,1,1,1,1,1,1,1,-1,-1,-1,-1,-1,1,0
723,0,-1,-1,1,1,-1,1,-1,1,1,1,-1,0,-1,-1,-1,-1,-1,0,0
724,1,-1,-1,1,1,-1,1,0,0,0,1,0,0,-1,-1,-1,-1,0,0,0
726,-1,-1,-1,1,1,1,0,-1,-1,-1,1,-1,-1,-1,-1,-1,0,1,1,1
727,-1,1,1,1,1,1,1,1,1,1,0,0,1,-1,-1,-1,-1,1,1,1
728,1,-1,-1,1,1,1,0,0,0,0,1,-1,-1,-1,-1,-1,-1,0,0,0
729,1,-1,-1,1,0,0,1,-1,1,0,1,1,1,-1,-1,-1,-1,0,0,-1
732,1,-1,0,1,1,-1,1,1,1,1,1,0,1,-1,1,0,-1,0,1,0
733,1,-1,-1,1,1,1,1,1,1,1,1,0,1,-1,-1,-1,-1,0,0,0
736,1,-1,-1,1,1,1,1,-1,1,1,1,0,1,-1,-1,-1,-1,0,1,0
737,1,-1,-1,1,0,0,1,-1,-1,1,1,-1,-1,-1,-1,-1,-1,0,1,0
738,1,1,1,1,1,-1,1,-1,1,1,1,1,1,-1,-1,-1,-1,1,1,1
739,1,-1,0,1,1,-1,1,0,0,0,1,1,1,-1,-1,-1,-1,1,1,-1
742,-1,1,1,-1,1,1,1,-1,-1,-1,-1,-1,-1,-1,-1,-1,-1,1,1,1
744,1,1,-1,1,1,1,1,-1,0,0,1,1,1,-1,-1,-1,-1,0,1,0
745,1,-1,0,1,1,-1,1,-1,1,-1,1,1,1,-1,-1,-1,-1,-1,0,-1
748,1,-1,-1,1,1,-1,1,-1,1,1,1,0,1,-1,-1,-1,-1,0,1,0
749,-1,-1,-1,1,1,1,-1,1,1,1,1,1,1,-1,-1,-1,-1,1,1,-1
750,1,-1,0,1,1,-1,0,0,0,0,1,-1,1,-1,-1,-1,-1,0,0,-1
751,1,1,1,-1,-1,1,0,0,-1,1,1,1,1,-1,-1,-1,-1,1,1,1
752,-1,1,1,1,1,1,1,1,1,1,1,0,1,-1,-1,-1,-1,1,-1,1
755,-1,1,1,1,1,-1,1,-1,-1,1,1,-1,1,-1,-1,-1,-1,-1,-1,1
757,1,-1,1,1,1,-1,1,0,0,1,1,1,1,-1,-1,-1,-1,1,1,0
759,1,-1,-1,1,1,1,1,1,1,1,1,-1,0,-1,-1,-1,-1,0,-1,0
763,0,-1,-1,1,1,0,1,0,0,0,1,1,1,-1,-1,0,0,0,0,-1
764,1,-1,-1,1,1,-1,1,-1,-1,1,1,-1,-1,-1,-1,-1,-1,-1,-1,0
765,-1,0,-1,1,1,-1,-1,-1,-1,0,-1,-1,-1,-1,-1,-1,-1,-1,-1,-1
766,0,-1,0,1,1,1,1,0,1,0,1,-1,0,-1,-1,-1,-1,-1,1,0
768,1,-1,0,1,1,-1,1,-1,0,1,1,-1,1,-1,-1,-1,-1,0,-1,0
769,1,0,1,1,1,1,1,-1,0,1,1,-1,-1,-1,-1,-1,-1,1,1,-1
770,-1,1,1,0,0,-1,1,-1,-1,-1,1,-1,-1,-1,-1,-1,-1,-1,-1,-1
771,-1,-1,-1,1,1,-1,-1,-1,0,0,1,1,1,-1,-1,-1,-1,-1,-1,1
788,1,1,1,1,1,-1,1,-1,1,1,1,1,1,-1,-1,-1,-1,1,1,1
794,1,-1,-1,1,1,-1,1,-1,1,1,1,1,1,-1,-1,-1,-1,1,1,0
802,-1,1,-1,1,1,1,-1,-1,0,0,1,1,0,-1,-1,-1,-1,1,1,-1
812,-1,1,-1,0,0,-1,-1,-1,-1,-1,1,-1,-1,-1,-1,-1,-1,-1,-1,-1
826,0,1,1,1,1,-1,-1,-1,-1,-1,-1,-1,-1,-1,-1,-1,-1,-1,-1,-1
828,0,1,0,0,0,0,0,0,0,0,1,1,1,-1,-1,-1,-1,1,1,-1
833,1,0,0,1,1,0,1,1,1,1,1,0,-1,-1,-1,-1,-1,1,1,-1
839,1,1,1,1,1,-1,1,-1,-1,1,1,1,1,-1,-1,-1,-1,-1,-1,-1
841,1,1,1,1,1,1,1,-1,1,1,1,1,1,-1,-1,-1,-1,-1,1,1
842,-1,1,-1,1,1,-1,-1,-1,-1,1,1,1,-1,-1,-1,-1,-1,-1,1,-1
843,1,1,1,1,1,-1,0,-1,0,0,1,1,1,-1,-1,-1,-1,0,1,-1
846,1,1,1,1,1,1,1,-1,-1,-1,1,-1,-1,-1,-1,-1,-1,1,0,-1
848,1,1,1,-1,-1,-1,1,-1,1,1,1,-1,-1,-1,-1,-1,-1,-1,1,-1
849,-1,1,-1,1,1,-1,-1,-1,-1,-1,1,1,1,-1,-1,-1,-1,-1,1,-1
850,1,1,1,1,1,1,1,1,1,1,1,0,1,-1,0,0,-1,0,1,-1
851,-1,1,1,1,1,1,1,-1,-1,-1,1,1,1,-1,-1,-1,-1,-1,1,1
852,1,1,1,1,1,1,1,-1,1,1,1,1,1,-1,0,0,-1,0,0,1
854,1,1,1,1,1,1,-1,-1,1,1,1,1,1,-1,1,1,-1,1,1,1
855,1,1,1,1,1,-1,1,-1,-1,1,1,1,1,-1,-1,-1,-1,-1,1,-1
857,-1,1,-1,1,1,-1,-1,-1,-1,1,1,1,1,-1,-1,-1,-1,-1,-1,-1
858,-1,1,-1,1,1,-1,-1,-1,0,1,1,0,1,-1,-1,-1,-1,1,1,-1
859,-1,1,-1,1,1,-1,-1,-1,-1,0,1,1,-1,-1,-1,-1,-1,1,1,-1
860,-1,-1,-1,1,1,1,-1,-1,1,1,1,1,-1,-1,-1,-1,-1,1,1,-1
862,-1,1,1,1,1,1,1,-1,-1,-1,1,-1,-1,-1,-1,-1,-1,-1,-1,-1
863,0,1,0,1,1,1,1,0,0,1,1,0,0,-1,-1,-1,-1,1,0,-1
867,-1,1,1,1,1,1,1,-1,0,0,1,-1,1,-1,-1,-1,-1,1,1,1
869,1,1,1,1,1,1,1,-1,-1,1,1,1,1,-1,-1,-1,-1,1,1,1
870,-1,1,1,1,1,1,1,-1,0,0,1,1,1,-1,-1,-1,-1,1,1,1
871,-1,-1,-1,1,1,-1,-1,-1,-1,1,1,-1,-1,-1,-1,-1,-1,-1,-1,-1
873,-1,1,-1,1,1,-1,-1,-1,-1,1,1,1,1,-1,-1,-1,-1,1,1,-1
877,-1,1,1,1,1,1,1,-1,-1,1,1,-1,-1,-1,-1,-1,-1,-1,-1,-1
879,-1,1,-1,1,1,-1,-1,-1,-1,1,1,1,1,-1,-1,-1,-1,-1,-1,-1
880,-1,1,-1,1,1,-1,-1,-1,-1,1,1,1,1,-1,-1,-1,-1,1,1,-1
882,-1,1,-1,1,1,1,1,1,1,1,1,-1,-1,-1,-1,-1,-1,1,0,-1
883,-1,1,1,1,1,-1,1,-1,-1,1,0,1,1,-1,-1,-1,-1,-1,1,-1
884,1,1,-1,1,1,-1,-1,-1,-1,1,1,1,1,-1,-1,-1,-1,-1,1,-1
885,-1,0,1,1,1,1,1,1,1,1,1,1,1,-1,-1,-1,-1,1,1,1
886,-1,1,-1,1,1,1,1,-1,1,1,1,1,1,-1,-1,-1,-1,1,1,-1
887,-1,-1,-1,1,1,1,1,-1,0,1,1,1,1,-1,-1,-1,-1,1,1,-1
888,1,1,0,1,1,-1,1,0,0,1,1,1,1,-1,-1,-1,-1,1,1,-1
891,-1,1,1,1,1,1,1,-1,1,1,1,1,1,-1,-1,-1,-1,1,1,-1
892,-1,1,-1,1,0,-1,-1,-1,-1,1,1,1,1,-1,-1,-1,-1,-1,-1,-1
893,-1,1,-1,1,1,1,-1,-1,-1,-1,1,-1,-1,-1,-1,-1,-1,0,1,-1
894,1,1,-1,1,1,-1,-1,-1,-1,-1,1,1,1,-1,-1,-1,-1,-1,-1,-1
896,1,1,1,1,1,1,-1,-1,-1,-1,1,1,1,-1,-1,-1,-1,-1,1,-1
897,-1,1,-1,1,1,-1,-1,-1,-1,1,1,0,0,-1,-1,-1,-1,1,1,-1
898,-1,1,-1,1,1,-1,1,-1,-1,-1,1,-1,1,-1,-1,-1,-1,-1,-1,-1
899,1,1,1,1,1,-1,1,-1,-1,1,1,1,1,-1,-1,-1,-1,1,1,-1
900,1,1,1,1,1,-1,1,-1,0,0,1,0,1,-1,-1,-1,-1,1,1,-1
903,1,1,1,1,1,1,1,0,0,1,1,0,0,-1,-1,-1,-1,0,0,-1
906,0,1,1,1,1,-1,-1,-1,-1,1,1,1,1,-1,-1,-1,-1,-1,1,-1
910,0,1,-1,1,1,-1,-1,-1,1,1,1,1,1,-1,-1,-1,-1,1,-1,-1
911,0,1,0,0,0,0,0,0,0,0,1,1,1,-1,-1,-1,-1,1,1,1
914,1,1,-1,1,1,-1,1,-1,-1,1,1,1,1,-1,-1,-1,-1,1,1,-1
915,-1,1,-1,1,1,-1,-1,-1,-1,1,1,1,-1,-1,-1,-1,-1,-1,1,-1
918,1,-1,-1,1,0,-1,-1,-1,1,0,1,1,0,-1,-1,-1,-1,0,1,-1
919,1,1,1,1,1,-1,-1,-1,-1,1,1,1,1,-1,-1,-1,-1,1,-1,-1
921,1,1,-1,1,1,-1,1,-1,1,1,1,1,1,-1,-1,-1,-1,1,1,1
924,1,1,0,1,1,-1,-1,-1,-1,1,-1,-1,-1,-1,-1,-1,-1,1,1,1
925,1,1,-1,1,1,-1,-1,-1,-1,1,1,1,1,-1,-1,-1,-1,1,1,1
926,1,1,1,1,1,1,1,-1,-1,-1,1,1,1,-1,-1,-1,-1,1,1,1
927,-1,1,1,1,1,-1,0,-1,0,0,1,1,1,-1,-1,-1,-1,1,0,-1
928,-1,-1,-1,1,1,-1,-1,-1,-1,1,1,1,1,-1,-1,-1,-1,1,1,-1
929,1,1,1,1,-1,1,1,-1,1,1,1,0,-1,-1,-1,-1,-1,-1,-1,-1
931,1,1,1,1,1,-1,1,-1,1,1,1,1,1,-1,-1,-1,-1,1,1,-1
933,-1,1,-1,1,1,-1,-1,-1,-1,1,1,1,1,-1,-1,-1,1,1,1,-1
934,-1,1,1,1,1,1,1,-1,0,0,1,1,1,-1,-1,-1,-1,0,1,1
935,-1,1,1,1,1,-1,-1,-1,-1,1,1,1,1,-1,-1,-1,-1,-1,1,-1
937,1,1,1,1,1,-1,1,1,1,1,1,1,1,-1,-1,-1,-1,-1,1,-1
938,1,-1,1,1,1,-1,1,-1,1,1,1,-1,1,-1,-1,-1,-1,1,1,1
939,1,0,0,1,1,-1,1,-1,1,1,1,-1,-1,-1,-1,-1,-1,1,1,-1
940,1,-1,1,1,1,-1,-1,1,-1,1,1,1,0,-1,-1,-1,-1,1,1,1
941,1,1,1,1,1,1,1,0,1,1,1,1,1,-1,-1,-1,-1,-1,1,-1
942,-1,1,-1,1,1,-1,-1,-1,-1,1,1,1,1,-1,-1,-1,-1,-1,-1,-1
943,1,1,1,1,1,-1,1,-1,-1,1,1,1,1,-1,-1,-1,-1,1,1,-1
944,1,1,1,1,1,-1,-1,-1,0,1,1,1,1,-1,-1,-1,-1,1,1,1
946,1,1,1,1,1,1,1,-1,1,-1,1,1,1,-1,-1,-1,-1,1,1,-1
948,-1,1,-1,1,1,-1,0,0,0,0,1,1,1,-1,-1,-1,-1,1,1,-1
949,-1,-1,-1,1,1,1,-1,-1,1,-1,1,-1,-1,-1,-1,-1,-1,-1,-1,-1
950,-1,1,-1,1,1,-1,-1,-1,-1,1,1,1,1,-1,-1,-1,-1,-1,-1,-1
952,1,1,1,1,1,-1,1,-1,-1,1,1,1,-1,-1,-1,-1,-1,-1,1,1
953,-1,1,-1,0,1,-1,-1,-1,-1,-1,1,1,1,-1,-1,-1,-1,-1,-1,-1
957,1,-1,1,0,1,0,-1,1,1,1,1,1,1,-1,-1,-1,-1,0,1,-1
958,-1,1,1,1,1,-1,1,-1,1,1,1,1,1,-1,-1,-1,-1,-1,1,-1
960,1,1,1,1,1,1,1,-1,1,1,1,1,1,-1,-1,-1,-1,1,1,0
961,1,1,1,1,1,-1,1,-1,-1,1,1,1,1,-1,-1,-1,-1,1,-1,-1
962,1,1,1,1,1,1,1,-1,1,1,1,-1,1,-1,-1,-1,-1,-1,-1,1
963,1,1,1,1,1,-1,1,-1,-1,1,1,1,1,-1,-1,-1,-1,1,1,-1
964,1,1,1,1,1,1,1,-1,-1,1,1,-1,-1,-1,-1,-1,-1,-1,-1,-1
965,1,1,0,1,1,-1,1,-1,0,1,1,1,1,-1,-1,-1,-1,1,1,-1
966,1,1,1,1,1,-1,1,-1,-1,1,1,1,1,-1,-1,-1,-1,1,1,-1
967,-1,1,-1,0,0,0,-1,-1,-1,1,-1,-1,-1,-1,-1,-1,-1,-1,-1,-1
968,-1,1,-1,1,1,-1,-1,-1,-1,1,1,1,1,-1,-1,-1,-1,1,1,-1
969,-1,1,-1,1,1,1,-1,-1,-1,-1,-1,-1,-1,-1,-1,-1,-1,1,1,-1
970,1,1,1,1,1,-1,1,-1,1,1,1,1,1,-1,-1,-1,-1,1,1,1
971,1,1,1,1,1,1,-1,-1,-1,1,1,1,-1,-1,-1,-1,-1,1,1,-1
972,1,1,1,1,1,-1,-1,-1,-1,1,1,1,1,-1,-1,-1,-1,0,1,1
973,1,1,-1,1,1,-1,1,-1,1,1,1,1,1,-1,-1,-1,-1,1,1,1
974,1,1,1,1,1,-1,1,-1,-1,1,1,1,1,-1,-1,-1,-1,1,1,-1
975,-1,1,-1,1,1,-1,-1,-1,-1,1,1,1,1,-1,-1,-1,-1,-1,-1,-1
976,1,1,-1,1,1,1,1,-1,1,1,1,1,1,-1,-1,-1,-1,-1,1,-1
977,-1,1,1,1,1,-1,1,-1,-1,1,1,1,1,-1,-1,-1,-1,-1,1,-1
978,1,1,1,1,1,-1,1,-1,1,1,1,1,-1,-1,-1,-1,-1,-1,1,-1
980,1,1,1,0,1,1,0,0,0,0,1,1,-1,-1,-1,-1,-1,1,1,-1
981,-1,1,-1,1,-1,-1,-1,-1,-1,1,1,-1,-1,-1,-1,-1,-1,1,1,-1
982,1,1,1,0,-1,-1,1,0,0,1,1,1,1,-1,-1,-1,-1,1,1,1
983,-1,1,1,1,1,1,1,-1,1,1,1,1,1,-1,-1,-1,-1,1,1,-1
984,1,1,-1,1,1,-1,-1,-1,-1,1,1,1,1,-1,-1,-1,-1,1,1,-1
985,1,1,1,1,1,-1,1,-1,1,1,1,-1,1,-1,-1,-1,-1,1,1,1
986,-1,1,-1,1,1,1,-1,-1,-1,-1,1,-1,-1,-1,-1,-1,-1,1,-1,-1
987,1,1,1,1,1,-1,1,-1,-1,-1,1,1,1,-1,-1,-1,-1,1,1,1
988,-1,1,-1,1,1,-1,-1,-1,-1,1,1,1,1,-1,-1,-1,-1,1,1,-1
989,-1,1,1,1,1,-1,1,-1,-1,1,1,1,1,-1,-1,-1,-1,1,1,-1
991,-1,1,-1,1,1,1,-1,-1,-1,-1,-1,-1,-1,-1,-1,-1,-1,-1,-1,-1
993,1,1,1,1,1,-1,1,1,1,1,1,1,1,-1,-1,-1,-1,1,1,-1
994,1,1,-1,1,1,-1,0,-1,0,0,1,1,1,-1,-1,-1,-1,1,1,-1
995,-1,1,1,1,1,1,1,-1,-1,-1,1,1,-1,-1,-1,-1,-1,-1,-1,1
997,1,-1,1,1,1,-1,1,1,1,1,1,1,1,-1,1,-1,-1,1,1,1
1004,1,0,1,1,1,0,1,-1,1,1,1,1,1,-1,-1,-1,-1,1,1,-1
1006,1,1,1,1,1,-1,1,-1,1,1,1,1,1,-1,-1,-1,-1,1,1,1
1008,1,1,1,1,1,-1,1,-1,1,1,1,1,1,-1,-1,-1,-1,1,1,1
1010,-1,1,-1,1,1,1,1,-1,0,0,1,-1,-1,-1,-1,-1,-1,-1,-1,-1
1011,1,-1,1,0,0,-1,1,0,1,1,1,0,1,-1,0,0,-1,1,1,-1
1012,1,1,0,1,1,-1,-1,-1,-1,1,1,1,1,-1,-1,-1,-1,1,1,1
1013,-1,1,-1,1,1,-1,-1,-1,-1,-1,1,1,1,-1,-1,-1,-1,1,1,-1
1015,0,-1,1,1,1,-1,1,-1,1,1,1,0,1,-1,-1,-1,-1,0,1,0
1016,-1,-1,-1,1,1,-1,-1,-1,1,1,0,0,0,0,-1,-1,-1,0,0,-1
1024,1,1,1,1,1,1,1,0,0,0,1,1,1,-1,-1,-1,-1,-1,1,-1
1025,1,1,0,-1,-1,-1,-1,-1,-1,-1,1,-1,-1,-1,-1,-1,-1,0,0,1
1028,-1,1,-1,1,1,-1,1,-1,-1,-1,1,1,0,-1,-1,-1,-1,1,1,1
1031,-1,1,-1,1,1,1,0,0,0,0,1,0,0,-1,-1,-1,-1,1,1,1
1037,1,1,1,1,1,-1,1,-1,1,1,1,1,1,-1,-1,-1,-1,-1,-1,1
1038,-1,1,1,1,1,-1,1,-1,-1,1,1,1,1,-1,-1,-1,-1,1,1,-1
1039,1,-1,1,1,1,-1,1,1,1,1,1,0,0,0,0,0,0,0,0,1
1041,-1,1,1,1,1,-1,1,-1,1,1,1,1,1,-1,-1,-1,-1,1,1,1
1042,-1,1,0,-1,1,1,1,-1,-1,-1,1,-1,-1,-1,-1,-1,-1,0,1,1
1043,1,1,1,1,1,-1,1,-1,-1,1,1,1,1,-1,-1,-1,-1,1,1,1
1044,1,-1,1,1,1,-1,-1,-1,-1,-1,1,1,1,-1,-1,-1,-1,-1,-1,-1
1050,0,0,0,1,1,-1,-1,-1,-1,-1,1,0,-1,-1,-1,-1,-1,-1,-1,-1
1051,1,-1,1,0,1,-1,1,1,1,1,1,1,1,-1,-1,-1,-1,1,1,1
1054,0,0,0,1,1,-1,-1,-1,-1,-1,1,-1,-1,-1,-1,-1,-1,-1,-1,-1
1055,-1,0,0,-1,1,-1,-1,-1,-1,-1,1,-1,-1,-1,-1,-1,-1,-1,-1,-1
1056,1,0,0,1,1,-1,-1,-1,-1,-1,1,-1,1,0,-1,-1,-1,1,0,-1
1057,1,-1,0,1,-1,-1,-1,-1,-1,-1,-1,0,1,-1,-1,-1,-1,-1,-1,-1
1058,0,1,0,1,1,-1,-1,-1,-1,1,1,1,1,-1,-1,-1,-1,1,-1,-1
1060,-1,1,-1,-1,1,1,-1,0,0,0,1,-1,-1,-1,-1,-1,-1,-1,-1,-1
1062,0,-1,0,1,1,-1,-1,-1,0,-1,1,-1,-1,-1,-1,-1,-1,0,0,-1
1063,-1,-1,0,-1,-1,-1,-1,-1,-1,1,1,-1,-1,-1,-1,-1,-1,1,0,-1
1067,0,-1,0,1,-1,-1,-1,-1,-1,-1,-1,-1,-1,-1,-1,-1,-1,-1,-1,-1
1069,1,1,1,1,1,-1,1,-1,1,1,1,1,1,-1,-1,-1,-1,1,0,1
1071,-1,-1,1,1,1,-1,1,-1,-1,1,1,1,1,-1,-1,-1,-1,-1,-1,-1
1074,-1,-1,0,1,1,-1,-1,-1,-1,-1,1,-1,-1,-1,-1,-1,-1,0,-1,-1
1075,1,1,0,1,1,1,-1,-1,-1,-1,1,1,-1,-1,-1,-1,-1,-1,-1,-1
1076,1,1,1,1,1,-1,1,-1,-1,1,1,1,1,-1,-1,-1,-1,-1,1,-1
1078,1,1,0,1,-1,-1,-1,-1,-1,-1,1,-1,-1,-1,-1,-1,-1,0,-1,1
1079,-1,0,0,-1,1,-1,-1,-1,-1,-1,-1,-1,-1,-1,-1,-1,-1,1,-1,-1
1080,1,0,0,0,1,1,-1,-1,-1,-1,1,-1,-1,-1,-1,-1,-1,-1,-1,0
1083,1,1,1,1,1,1,1,-1,1,1,1,1,1,-1,-1,-1,-1,-1,-1,1
1087,1,1,-1,1,1,-1,-1,-1,-1,1,1,1,1,-1,-1,-1,-1,1,-1,-1
1095,1,1,0,0,0,0,0,0,0,0,1,0,-1,-1,-1,-1,-1,-1,-1,0
1098,1,-1,0,-1,1,-1,-1,-1,-1,-1,1,1,-1,-1,0,0,-1,1,1,-1
1100,0,-1,0,1,-1,-1,-1,-1,-1,-1,-1,-1,-1,-1,-1,-1,-1,-1,-1,0
1101,1,0,1,1,1,-1,1,1,1,1,1,0,0,-1,-1,-1,-1,0,1,0
1106,1,1,1,1,1,-1,1,-1,1,1,1,-1,0,-1,-1,-1,-1,1,1,1
1108,1,1,1,1,1,-1,1,-1,-1,1,1,1,1,-1,-1,-1,-1,0,1,1
1109,1,1,-1,1,1,1,1,-1,0,1,1,-1,0,-1,-1,-1,-1,1,1,-1
1110,0,-1,0,1,1,1,1,-1,1,1,1,0,0,-1,-1,-1,-1,0,1,-1
1112,-1,-1,0,-1,1,1,-1,-1,-1,-1,1,-1,-1,-1,-1,-1,-1,1,-1,-1
1117,1,1,0,1,1,-1,-1,-1,-1,1,1,0,1,-1,-1,-1,-1,-1,-1,1
1120,-1,0,0,1,-1,-1,1,-1,1,1,1,-1,-1,-1,-1,-1,-1,1,1,-1
1121,0,-1,0,-1,1,1,-1,-1,-1,-1,1,-1,-1,-1,-1,-1,-1,-1,-1,1
1124,0,-1,0,1,1,-1,1,-1,1,-1,1,1,1,-1,-1,-1,-1,0,-1,-1
1125,1,1,1,1,1,-1,1,-1,1,1,1,1,1,-1,-1,-1,-1,1,1,1
1127,-1,1,1,1,1,-1,-1,-1,-1,1,1,1,1,-1,-1,-1,-1,-1,1,-1
1129,1,-1,1,1,1,-1,1,1,1,1,1,1,1,-1,-1,-1,-1,1,1,-1
1133,1,1,1,1,1,-1,0,1,1,1,1,-1,-1,-1,-1,-1,-1,1,-1,1
1134,1,1,1,1,1,1,1,-1,-1,1,1,-1,-1,-1,-1,-1,-1,-1,1,-1
1136,1,1,-1,-1,-1,-1,-1,-1,-1,-1,1,1,1,-1,-1,-1,-1,1,1,-1
1140,1,1,1,1,1,-1,1,-1,1,1,1,1,1,-1,-1,-1,-1,1,1,-1
1141,-1,-1,0,1,1,-1,1,1,-1,1,1,-1,-1,-1,-1,-1,-1,-1,-1,-1
1144,0,1,0,-1,-1,-1,-1,-1,-1,-1,1,-1,-1,-1,-1,-1,-1,1,-1,-1
1149,1,1,1,1,1,-1,0,0,0,1,1,1,1,-1,-1,-1,-1,0,1,1
1153,1,1,1,1,1,-1,-1,-1,-1,1,-1,-1,-1,-1,-1,-1,-1,-1,-1,1
1154,-1,-1,-1,1,1,1,-1,-1,-1,-1,1,-1,1,-1,-1,-1,-1,1,-1,-1
1156,1,1,1,1,1,-1,-1,-1,-1,1,-1,-1,-1,-1,-1,-1,-1,-1,-1,-1
1158,0,-1,0,-1,1,-1,-1,-1,-1,-1,1,1,1,-1,-1,-1,-1,-1,-1,-1
1160,0,1,0,1,-1,-1,-1,-1,-1,-1,1,-1,-1,-1,-1,-1,-1,1,-1,-1
1162,1,1,1,1,1,-1,0,-1,1,1,1,1,1,-1,-1,-1,-1,1,1,1
1170,-1,0,0,1,1,-1,1,-1,-1,-1,1,-1,1,-1,-1,-1,-1,-1,-1,-1
1172,1,1,1,1,1,1,0,0,0,0,1,1,1,-1,-1,-1,-1,1,1,-1
1175,1,1,1,1,1,0,-1,-1,1,1,1,-1,1,0,0,0,0,0,1,-1
1176,1,-1,0,1,1,-1,-1,-1,-1,-1,1,-1,-1,-1,-1,-1,-1,1,0,-1
1177,-1,-1,0,1,1,1,-1,-1,-1,-1,1,-1,0,-1,-1,-1,-1,1,-1,1
1178,-1,1,-1,1,1,1,-1,-1,-1,1,1,1,1,-1,-1,-1,-1,1,1,-1
1180,-1,1,1,1,1,1,1,1,1,1,1,1,1,-1,-1,-1,1,1,1,1
1182,-1,-1,0,1,-1,-1,-1,-1,1,1,1,-1,-1,-1,-1,-1,-1,1,1,-1
1183,1,1,1,1,1,-1,1,1,1,1,1,1,1,-1,-1,-1,-1,1,-1,-1
1188,0,-1,0,-1,-1,-1,-1,-1,-1,-1,1,-1,-1,-1,-1,-1,-1,1,1,-1
1189,1,-1,1,1,1,-1,0,1,0,0,1,1,1,-1,-1,-1,-1,1,1,1
1190,1,-1,1,0,0,0,1,1,1,1,1,0,1,0,-1,-1,-1,0,1,1
1191,1,1,1,1,1,-1,1,0,1,1,1,1,1,-1,-1,-1,0,1,1,1
1192,1,1,1,1,1,1,1,1,1,1,1,1,1,-1,-1,-1,-1,1,1,1
1196,1,1,1,1,1,-1,1,-1,1,1,1,1,1,-1,-1,-1,-1,-1,1,0
1197,1,-1,-1,-1,-1,-1,-1,-1,-1,0,-1,-1,-1,-1,-1,-1,-1,-1,-1,1
1199,1,-1,-1,1,1,1,1,0,1,1,1,0,-1,-1,-1,0,0,0,1,1
1203,0,1,0,-1,1,-1,-1,-1,-1,-1,1,-1,1,-1,-1,-1,-1,0,0,-1
1207,1,1,0,-1,-1,-1,-1,0,-1,-1,1,1,1,-1,-1,-1,-1,-1,-1,1
1210,1,-1,-1,1,1,1,1,0,1,1,1,1,1,-1,-1,-1,-1,0,1,-1
1218,1,1,1,1,1,-1,-1,-1,-1,0,1,1,1,-1,-1,-1,-1,1,1,-1
1223,1,-1,-1,1,1,1,1,-1,-1,-1,1,1,1,-1,-1,-1,-1,1,0,-1
1224,1,1,0,-1,1,1,-1,-1,-1,-1,1,-1,-1,-1,-1,-1,-1,1,1,1
1227,1,0,1,1,1,-1,0,0,1,1,1,1,1,-1,-1,0,-1,0,1,-1
1228,1,-1,-1,1,1,-1,1,-1,-1,1,1,-1,-1,-1,-1,-1,-1,0,0,-1
1231,1,1,1,1,1,1,0,-1,0,0,1,1,1,-1,-1,-1,-1,1,1,1
1232,1,1,0,1,1,-1,-1,-1,-1,-1,1,-1,-1,-1,-1,-1,-1,-1,-1,1
1234,1,-1,-1,1,1,1,1,1,1,1,1,1,1,-1,1,1,-1,0,1,-1
1239,0,-1,0,-1,-1,-1,-1,-1,-1,-1,-1,-1,-1,-1,-1,-1,-1,1,1,-1
1240,1,-1,-1,1,1,-1,1,-1,-1,1,1,0,-1,-1,-1,-1,-1,0,1,-1
1241,-1,1,1,1,1,1,0,-1,0,1,1,1,1,-1,-1,-1,-1,1,1,1
1243,-1,-1,0,1,1,-1,-1,-1,-1,1,1,1,1,-1,-1,-1,-1,-1,-1,-1
1246,1,-1,-1,1,1,1,1,1,0,1,1,0,1,-1,-1,-1,-1,0,1,0
1247,1,1,-1,1,1,1,1,-1,-1,1,1,1,1,-1,-1,-1,-1,1,1,-1
1248,1,-1,1,1,1,-1,1,-1,1,1,1,1,1,-1,-1,-1,-1,1,1,-1
1249,0,-1,-1,0,0,-1,0,0,0,0,1,0,0,-1,-1,-1,-1,1,0,-1
1250,1,1,-1,0,1,-1,-1,0,0,1,1,0,0,-1,-1,-1,-1,0,1,-1
1251,1,-1,-1,1,1,-1,1,-1,1,1,1,1,1,-1,-1,-1,-1,1,1,-1
1252,1,-1,0,-1,1,1,-1,-1,-1,-1,1,-1,-1,-1,-1,-1,-1,-1,-1,0
1253,0,0,0,0,1,-1,-1,-1,-1,-1,1,1,1,-1,-1,-1,-1,-1,1,1
1255,0,-1,0,0,1,-1,-1,-1,-1,-1,1,1,1,-1,-1,-1,-1,0,0,1
1257,1,0,1,1,1,-1,0,-1,1,1,1,0,1,-1,0,0,0,0,0,1
1258,1,1,1,1,1,-1,0,-1,1,1,1,1,1,-1,-1,-1,-1,1,1,1
1260,0,-1,0,-1,1,-1,-1,-1,-1,-1,1,0,1,-1,-1,-1,-1,-1,-1,1
1263,1,0,1,0,0,-1,0,0,0,0,1,1,0,-1,-1,-1,-1,0,0,-1
1265,0,-1,0,1,1,-1,1,-1,-1,-1,1,1,1,-1,-1,-1,-1,1,-1,-1
1268,1,1,1,1,1,-1,0,0,0,0,1,1,1,-1,-1,-1,-1,0,1,-1
1269,-1,1,0,1,1,-1,-1,-1,-1,-1,1,1,1,-1,-1,-1,-1,-1,-1,1
1270,-1,1,0,1,1,-1,-1,-1,-1,1,1,-1,-1,-1,-1,-1,-1,-1,-1,-1
1271,0,-1,0,-1,-1,-1,-1,-1,-1,-1,1,-1,-1,-1,-1,-1,-1,-1,-1,-1
1272,0,-1,0,-1,-1,-1,-1,-1,-1,-1,1,-1,-1,-1,-1,-1,-1,-1,-1,-1
1279,1,1,1,1,1,-1,1,-1,-1,0,1,-1,0,-1,-1,-1,-1,-1,1,1
1281,1,0,-1,1,1,0,1,0,1,1,1,0,0,-1,-1,-1,-1,0,1,-1
1283,1,-1,1,1,1,1,1,-1,-1,0,1,1,1,-1,-1,-1,-1,0,0,1
1284,1,-1,1,1,1,-1,1,0,1,1,1,1,1,-1,-1,1,-1,1,1,0
1288,1,0,1,0,1,1,0,0,0,0,1,0,0,-1,1,1,-1,1,1,-1
1289,1,1,1,1,1,-1,1,-1,-1,0,0,-1,0,-1,-1,-1,-1,-1,-1,1
1290,-1,-1,0,-1,1,-1,-1,-1,-1,-1,1,1,1,-1,-1,-1,-1,0,0,-1
1293,1,1,1,1,1,-1,1,-1,-1,1,1,1,1,-1,-1,-1,-1,1,1,-1
1294,1,-1,0,-1,-1,-1,1,-1,1,1,1,1,1,-1,-1,-1,-1,-1,-1,1
1295,-1,1,1,1,1,-1,1,-1,1,1,1,1,1,-1,-1,-1,-1,0,1,-1
1297,0,1,0,-1,1,-1,-1,-1,-1,1,1,1,1,-1,-1,-1,-1,-1,-1,-1
1299,-1,1,-1,1,1,0,1,-1,0,0,1,0,0,-1,-1,-1,-1,1,-1,-1
1300,-1,1,1,1,1,-1,0,1,1,1,1,1,-1,-1,-1,-1,-1,1,1,-1
1301,1,1,1,0,0,-1,1,1,1,1,1,0,0,-1,1,-1,-1,0,1,-1
1303,1,-1,-1,0,0,0,0,0,0,0,1,0,0,-1,-1,-1,-1,0,1,1
1304,-1,1,-1,1,1,-1,-1,-1,-1,-1,1,-1,-1,-1,-1,-1,-1,-1,-1,-1
1307,-1,1,-1,1,1,-1,-1,-1,-1,1,1,1,1,-1,-1,-1,-1,-1,1,-1
1309,0,1,-1,1,1,-1,0,-1,-1,1,1,1,1,-1,-1,-1,-1,0,1,-1
1311,-1,1,-1,1,1,-1,-1,-1,-1,1,1,1,1,-1,-1,-1,-1,1,1,-1
1312,-1,1,-1,1,1,1,-1,-1,-1,-1,1,-1,0,-1,-1,-1,-1,1,1,-1
1319,-1,1,1,1,1,1,-1,-1,-1,-1,1,-1,-1,-1,-1,-1,-1,1,1,-1
1321,-1,1,1,1,1,-1,1,-1,-1,1,1,1,1,-1,-1,-1,-1,1,1,-1
1322,1,-1,1,1,1,1,-1,-1,1,1,1,1,1,-1,-1,-1,-1,-1,-1,-1
1323,1,-1,-1,1,1,0,1,1,0,1,1,1,0,-1,-1,-1,-1,1,1,-1
1324,1,1,0,1,1,-1,-1,-1,-1,-1,1,1,1,-1,-1,-1,-1,0,-1,-1
1326,1,0,0,-1,-1,-1,-1,-1,-1,-1,1,-1,-1,-1,-1,-1,-1,-1,-1,-1
1328,-1,-1,0,-1,-1,-1,-1,-1,-1,-1,1,-1,-1,-1,-1,-1,-1,-1,-1,-1
1330,-1,0,0,-1,-1,-1,-1,-1,-1,-1,1,-1,-1,-1,-1,-1,-1,-1,1,0
1333,1,1,1,1,1,-1,0,-1,1,1,1,1,1,-1,-1,-1,-1,-1,-1,-1
1334,-1,1,-1,1,1,-1,-1,-1,-1,1,1,1,1,-1,-1,-1,-1,-1,-1,-1
1335,-1,1,-1,1,1,-1,1,-1,-1,1,1,1,-1,-1,-1,-1,-1,1,1,-1
1337,1,-1,1,1,1,-1,0,0,1,0,1,1,1,-1,-1,-1,-1,1,1,-1
1338,-1,-1,0,1,1,-1,-1,-1,-1,-1,1,1,1,-1,-1,-1,-1,1,1,-1
1341,-1,1,-1,1,1,-1,1,-1,-1,1,1,1,1,1,-1,-1,-1,1,1,-1
1342,-1,1,0,1,1,-1,-1,-1,-1,-1,1,1,1,-1,-1,-1,-1,1,-1,1
1344,1,1,1,1,1,1,1,-1,0,1,1,1,1,-1,-1,-1,-1,-1,-1,-1
1345,0,1,0,-1,-1,-1,-1,-1,-1,-1,1,0,-1,-1,-1,-1,-1,0,0,1
1347,1,1,0,0,1,-1,-1,-1,-1,0,1,-1,-1,-1,-1,-1,-1,0,0,1
1349,1,1,1,1,1,1,1,-1,-1,0,1,1,1,-1,-1,-1,-1,-1,1,-1
1352,-1,1,1,1,-1,1,1,-1,-1,-1,1,1,1,-1,-1,-1,-1,1,1,-1
1356,-1,-1,0,1,1,-1,-1,-1,-1,-1,1,1,0,-1,-1,-1,-1,1,-1,-1
1357,-1,1,-1,1,1,-1,0,-1,-1,1,1,1,0,-1,-1,-1,1,-1,-1,-1
1367,-1,1,0,1,1,-1,-1,-1,-1,-1,1,1,1,-1,-1,1,-1,1,0,1
1369,-1,1,1,0,0,-1,0,-1,0,0,1,-1,-1,-1,-1,-1,-1,0,1,1
1370,1,1,-1,1,1,0,1,-1,-1,1,1,0,1,-1,-1,-1,-1,1,1,-1
1371,1,1,1,1,1,-1,1,-1,-1,1,1,1,1,-1,-1,-1,-1,-1,-1,-1
1374,1,1,1,1,1,-1,-1,-1,-1,1,1,1,1,-1,-1,-1,-1,-1,1,-1
1375,0,-1,0,1,1,-1,1,1,1,1,1,1,1,-1,-1,-1,-1,-1,-1,-1
1376,-1,1,1,1,1,-1,-1,-1,0,1,1,0,0,-1,-1,-1,-1,-1,1,-1
1386,-1,1,1,1,1,1,-1,1,0,1,1,1,1,-1,-1,-1,-1,1,1,-1
1387,1,-1,0,1,1,-1,1,-1,-1,1,1,1,1,-1,-1,-1,-1,-1,1,-1
1389,-1,1,0,-1,-1,-1,-1,-1,-1,-1,1,-1,-1,-1,-1,-1,-1,1,1,1
1390,1,-1,-1,1,1,0,1,1,1,-1,1,1,1,-1,1,1,0,1,1,-1
1392,-1,1,-1,1,0,-1,0,-1,0,0,1,-1,-1,-1,-1,-1,-1,-1,-1,-1
1393,-1,-1,0,1,1,-1,-1,-1,-1,-1,1,-1,-1,-1,-1,-1,-1,1,0,-1
1396,1,1,1,1,1,-1,1,1,1,1,1,-1,1,-1,-1,-1,-1,1,1,1
1397,1,1,1,1,1,-1,1,0,1,1,1,0,1,-1,1,-1,1,0,1,-1
1401,-1,-1,0,-1,-1,-1,-1,-1,-1,-1,1,1,-1,-1,-1,-1,-1,-1,-1,-1
1404,1,0,1,1,0,0,1,1,1,1,1,1,1,0,-1,-1,-1,1,0,0
1405,-1,-1,0,-1,1,-1,-1,-1,-1,-1,-1,-1,-1,-1,-1,-1,-1,1,1,-1
1406,-1,-1,0,1,1,-1,-1,-1,-1,-1,1,-1,-1,-1,-1,-1,-1,-1,-1,-1
1409,1,-1,1,1,1,-1,1,1,1,1,1,1,1,-1,1,1,-1,1,1,1
1412,-1,1,-1,1,-1,1,-1,-1,1,1,1,1,-1,-1,-1,-1,-1,1,1,-1
1415,1,1,1,1,1,-1,-1,-1,-1,-1,1,-1,-1,-1,-1,-1,-1,0,1,-1
1417,0,-1,0,-1,-1,-1,-1,-1,-1,-1,0,-1,-1,-1,-1,-1,-1,-1,-1,-1
1418,0,1,0,-1,-1,-1,-1,-1,-1,-1,1,1,1,-1,-1,-1,-1,-1,-1,-1
1419,1,1,1,1,1,-1,1,-1,1,1,1,1,1,-1,-1,-1,-1,-1,-1,1
1420,1,-1,1,1,1,0,1,1,1,1,1,0,1,-1,1,-1,-1,1,1,-1
1421,-1,-1,0,-1,-1,-1,-1,-1,-1,-1,1,1,1,-1,-1,-1,-1,-1,-1,-1
1422,-1,-1,0,-1,-1,-1,-1,-1,-1,-1,1,-1,-1,-1,-1,-1,-1,0,0,-1
1424,-1,1,0,-1,-1,-1,-1,-1,-1,-1,1,-1,-1,-1,-1,-1,-1,1,-1,-1
1426,1,1,1,1,1,-1,1,-1,1,1,1,1,1,-1,-1,-1,1,1,1,-1
1427,-1,1,0,1,-1,-1,-1,-1,-1,-1,1,-1,-1,-1,-1,-1,-1,1,1,-1
1429,-1,-1,0,-1,-1,-1,-1,-1,-1,-1,1,1,1,-1,-1,-1,-1,-1,1,1
1432,-1,-1,0,0,1,-1,-1,-1,1,1,1,-1,0,-1,-1,-1,-1,-1,-1,-1
1433,-1,-1,-1,-1,1,-1,0,-1,-1,0,-1,-1,0,-1,-1,-1,-1,0,0,-1
1434,1,-1,0,1,1,0,1,-1,1,1,1,1,1,-1,-1,-1,-1,0,1,-1
1436,1,1,-1,0,1,-1,-1,-1,-1,1,0,-1,-1,-1,-1,-1,-1,1,1,-1
1441,1,1,1,1,1,-1,1,1,1,1,1,1,1,-1,1,1,0,1,1,1
1442,-1,-1,0,-1,1,-1,-1,-1,-1,-1,-1,-1,-1,-1,-1,-1,-1,-1,-1,-1
1443,-1,0,0,1,1,-1,-1,-1,-1,-1,-1,-1,-1,-1,-1,-1,-1,-1,-1,0
1450,1,0,-1,0,0,0,1,1,-1,1,1,-1,0,0,-1,-1,-1,1,1,-1
1451,0,0,1,0,1,0,0,0,1,1,1,0,0,0,-1,-1,-1,0,1,-1
1452,-1,-1,0,1,1,0,-1,1,1,0,1,1,1,-1,-1,-1,-1,-1,-1,-1
1454,1,-1,-1,-1,1,-1,-1,-1,-1,0,1,0,-1,-1,-1,-1,-1,0,1,-1
1455,1,1,-1,0,0,0,1,0,0,1,0,0,0,0,-1,-1,-1,-1,-1,1
1456,0,0,1,0,1,0,0,1,1,1,1,0,0,0,-1,-1,-1,1,1,-1
1458,1,-1,-1,1,1,0,1,0,-1,0,1,-1,0,-1,-1,-1,-1,-1,1,-1
1466,0,1,0,0,1,-1,1,-1,-1,1,1,1,1,-1,-1,-1,-1,1,1,-1
1468,1,1,-1,0,1,-1,0,-1,-1,0,1,0,-1,-1,-1,-1,-1,0,1,-1
1469,0,-1,1,0,0,-1,1,0,1,1,1,0,0,-1,0,0,-1,1,1,-1
1471,-1,1,0,-1,-1,-1,-1,-1,-1,-1,1,1,0,-1,-1,-1,-1,1,1,-1
1473,1,0,0,0,1,1,1,-1,-1,-1,1,-1,-1,-1,-1,-1,-1,-1,-1,0
1484,0,0,0,1,1,-1,1,-1,1,-1,1,1,1,-1,-1,-1,-1,1,1,-1
1486,0,-1,0,1,-1,-1,1,-1,1,1,1,-1,-1,-1,-1,-1,-1,1,1,-1
1495,-1,1,-1,-1,-1,-1,-1,-1,-1,-1,-1,-1,-1,-1,-1,-1,-1,0,-1,-1
1508,1,0,0,0,1,0,0,0,0,0,1,1,0,-1,-1,-1,-1,0,0,1
1509,0,0,0,-1,-1,-1,1,-1,-1,-1,0,0,0,-1,-1,-1,-1,1,1,1
1511,1,1,1,1,1,-1,1,-1,-1,1,1,-1,-1,-1,-1,-1,-1,0,1,-1
1513,1,-1,0,1,1,-1,-1,-1,-1,-1,1,1,1,-1,-1,-1,-1,-1,-1,-1
1517,0,-1,-1,1,1,-1,-1,-1,-1,1,1,1,1,-1,-1,-1,-1,-1,-1,-1
1521,1,1,1,1,1,-1,-1,-1,-1,1,1,-1,1,-1,-1,-1,-1,0,0,0
1522,1,1,1,1,1,-1,-1,-1,-1,1,1,1,1,-1,-1,-1,-1,-1,1,-1
1525,0,-1,0,-1,-1,-1,-1,-1,-1,-1,1,1,1,-1,-1,-1,-1,-1,-1,-1
1542,-1,1,1,1,1,1,-1,-1,1,1,1,1,1,-1,-1,-1,-1,1,1,1
